Constituent,Julian_day,Depth,Elevation,Seg_52 ,Elevation,
Temperature,    27.500,     0.555,   672.932,       7.128,
Temperature,    27.500,     1.610,   671.877,       7.011,
Temperature,    27.500,     2.610,   670.877,       6.954,
Temperature,    27.500,     3.610,   669.877,       6.929,
Temperature,    27.500,     4.610,   668.877,       6.915,
Temperature,    27.500,     5.610,   667.877,       6.906,
Temperature,    27.500,     6.610,   666.877,       6.900,
Temperature,    27.500,     7.610,   665.877,       6.896,
Temperature,    27.500,     8.610,   664.877,       6.893,
Temperature,    27.500,     9.610,   663.877,       6.891,
Temperature,    27.500,    10.610,   662.877,       6.890,
Temperature,    27.500,    11.610,   661.877,       6.889,
Temperature,    27.500,    12.610,   660.877,       6.888,
Temperature,    27.500,    13.610,   659.877,       6.887,
Temperature,    27.500,    14.610,   658.877,       6.887,
Temperature,    27.500,    15.610,   657.877,       6.886,
Temperature,    27.500,    16.610,   656.877,       6.886,
Temperature,    27.500,    17.610,   655.877,       6.886,
Temperature,    27.500,    18.610,   654.877,       6.886,
Temperature,    27.500,    19.610,   653.877,       6.886,
Temperature,    27.500,    20.610,   652.877,       6.885,
Temperature,    27.500,    21.610,   651.877,       6.885,
Temperature,    27.500,    22.610,   650.877,       6.885,
Temperature,    27.500,    23.610,   649.877,       6.885,
Temperature,    27.500,    24.610,   648.877,       6.885,
Temperature,    27.500,    25.610,   647.877,       6.884,
Temperature,    27.500,    26.610,   646.877,       6.884,
Temperature,    27.500,    27.610,   645.877,       6.883,
Temperature,    27.500,    28.610,   644.877,       6.882,
Temperature,    27.500,    29.610,   643.877,       6.882,
Temperature,    27.500,    30.610,   642.877,       6.881,
Temperature,    27.500,    31.610,   641.877,       6.881,
Temperature,    27.500,    32.610,   640.877,       6.880,
Temperature,    27.500,    33.610,   639.877,       6.879,
Temperature,    27.500,    34.610,   638.877,       6.879,
Temperature,    27.500,    35.610,   637.877,       6.878,
Temperature,    27.500,    36.610,   636.877,       6.877,
Temperature,    27.500,    37.610,   635.877,       6.877,
Temperature,    27.500,    38.610,   634.877,       6.875,
Temperature,    27.500,    39.610,   633.877,       6.872,
Temperature,    27.500,    40.610,   632.877,       6.864,
Temperature,    27.500,    41.610,   631.877,       6.851,
Temperature,    27.500,    42.610,   630.877,       6.840,
Temperature,    27.500,    43.610,   629.877,       6.810,
Temperature,    27.500,    44.610,   628.877,       6.652,
Temperature,    27.500,    45.610,   627.877,       6.389,
Temperature,    27.500,    46.610,   626.877,       6.295,
Temperature,    27.500,    47.610,   625.877,       6.281,
Temperature,    27.500,    48.610,   624.877,       6.265,
Temperature,    27.500,    49.610,   623.877,       6.252,
Temperature,    27.500,    50.610,   622.877,       6.241,
Temperature,    27.500,    51.610,   621.877,       6.231,
Temperature,    27.500,    52.610,   620.877,       6.222,
Temperature,    27.500,    53.610,   619.877,       6.215,
Temperature,    27.500,    54.610,   618.877,       6.208,
Temperature,    27.500,    55.610,   617.877,       6.203,
Temperature,    27.500,    56.610,   616.877,       6.198,
Temperature,    27.500,    57.610,   615.877,       6.194,
Temperature,    27.500,    58.610,   614.877,       6.190,
Temperature,    27.500,    59.610,   613.877,       6.186,
Temperature,    27.500,    60.610,   612.877,       6.182,
Temperature,    27.500,    61.610,   611.877,       6.178,
Temperature,    27.500,    62.610,   610.877,       6.174,
Temperature,    27.500,    63.610,   609.877,       6.171,
Temperature,    27.500,    64.610,   608.877,       6.168,
Temperature,    27.500,    65.610,   607.877,       6.165,
Temperature,    27.500,    66.610,   606.877,       6.163,
Temperature,    27.500,    67.610,   605.877,       6.161,
Temperature,    27.500,    68.610,   604.877,       6.160,
Temperature,    27.500,    69.610,   603.877,       6.158,
Temperature,    27.500,    70.610,   602.877,       6.157,
Temperature,    27.500,    71.610,   601.877,       6.157,
Temperature,    27.500,    72.610,   600.877,       6.157,
Temperature,    27.500,    73.610,   599.877,       6.157,
Temperature,    27.500,    74.610,   598.877,       6.157,
Temperature,    27.500,    75.610,   597.877,       6.157,
Temperature,    27.500,    76.610,   596.877,       6.157,
Temperature,    27.500,    77.610,   595.877,       6.157,
Temperature,    27.500,    78.610,   594.877,       6.157,
Temperature,    27.500,    79.610,   593.877,       6.157,
Temperature,    27.500,    80.610,   592.877,       6.157,
Temperature,    27.500,    81.610,   591.877,       6.157,
Temperature,    27.500,    82.610,   590.877,       6.157,
Temperature,    42.500,     0.524,   676.901,       7.864,
Temperature,    42.500,     1.547,   675.877,       7.605,
Temperature,    42.500,     2.547,   674.877,       7.513,
Temperature,    42.500,     3.547,   673.877,       7.480,
Temperature,    42.500,     4.547,   672.877,       7.460,
Temperature,    42.500,     5.547,   671.877,       7.448,
Temperature,    42.500,     6.547,   670.877,       7.439,
Temperature,    42.500,     7.547,   669.877,       7.433,
Temperature,    42.500,     8.547,   668.877,       7.430,
Temperature,    42.500,     9.547,   667.877,       7.424,
Temperature,    42.500,    10.547,   666.877,       7.406,
Temperature,    42.500,    11.547,   665.877,       7.362,
Temperature,    42.500,    12.547,   664.877,       7.310,
Temperature,    42.500,    13.547,   663.877,       7.270,
Temperature,    42.500,    14.547,   662.877,       7.219,
Temperature,    42.500,    15.547,   661.877,       7.114,
Temperature,    42.500,    16.547,   660.877,       6.959,
Temperature,    42.500,    17.547,   659.877,       6.801,
Temperature,    42.500,    18.547,   658.877,       6.682,
Temperature,    42.500,    19.547,   657.877,       6.611,
Temperature,    42.500,    20.547,   656.877,       6.561,
Temperature,    42.500,    21.547,   655.877,       6.507,
Temperature,    42.500,    22.547,   654.877,       6.450,
Temperature,    42.500,    23.547,   653.877,       6.402,
Temperature,    42.500,    24.547,   652.877,       6.367,
Temperature,    42.500,    25.547,   651.877,       6.342,
Temperature,    42.500,    26.547,   650.877,       6.324,
Temperature,    42.500,    27.547,   649.877,       6.312,
Temperature,    42.500,    28.547,   648.877,       6.304,
Temperature,    42.500,    29.547,   647.877,       6.298,
Temperature,    42.500,    30.547,   646.877,       6.293,
Temperature,    42.500,    31.547,   645.877,       6.289,
Temperature,    42.500,    32.547,   644.877,       6.285,
Temperature,    42.500,    33.547,   643.877,       6.280,
Temperature,    42.500,    34.547,   642.877,       6.276,
Temperature,    42.500,    35.547,   641.877,       6.272,
Temperature,    42.500,    36.547,   640.877,       6.268,
Temperature,    42.500,    37.547,   639.877,       6.264,
Temperature,    42.500,    38.547,   638.877,       6.260,
Temperature,    42.500,    39.547,   637.877,       6.256,
Temperature,    42.500,    40.547,   636.877,       6.252,
Temperature,    42.500,    41.547,   635.877,       6.248,
Temperature,    42.500,    42.547,   634.877,       6.244,
Temperature,    42.500,    43.547,   633.877,       6.240,
Temperature,    42.500,    44.547,   632.877,       6.235,
Temperature,    42.500,    45.547,   631.877,       6.231,
Temperature,    42.500,    46.547,   630.877,       6.227,
Temperature,    42.500,    47.547,   629.877,       6.223,
Temperature,    42.500,    48.547,   628.877,       6.219,
Temperature,    42.500,    49.547,   627.877,       6.215,
Temperature,    42.500,    50.547,   626.877,       6.211,
Temperature,    42.500,    51.547,   625.877,       6.206,
Temperature,    42.500,    52.547,   624.877,       6.201,
Temperature,    42.500,    53.547,   623.877,       6.196,
Temperature,    42.500,    54.547,   622.877,       6.191,
Temperature,    42.500,    55.547,   621.877,       6.186,
Temperature,    42.500,    56.547,   620.877,       6.181,
Temperature,    42.500,    57.547,   619.877,       6.176,
Temperature,    42.500,    58.547,   618.877,       6.171,
Temperature,    42.500,    59.547,   617.877,       6.166,
Temperature,    42.500,    60.547,   616.877,       6.161,
Temperature,    42.500,    61.547,   615.877,       6.156,
Temperature,    42.500,    62.547,   614.877,       6.150,
Temperature,    42.500,    63.547,   613.877,       6.144,
Temperature,    42.500,    64.547,   612.877,       6.138,
Temperature,    42.500,    65.547,   611.877,       6.132,
Temperature,    42.500,    66.547,   610.877,       6.126,
Temperature,    42.500,    67.547,   609.877,       6.120,
Temperature,    42.500,    68.547,   608.877,       6.114,
Temperature,    42.500,    69.547,   607.877,       6.108,
Temperature,    42.500,    70.547,   606.877,       6.102,
Temperature,    42.500,    71.547,   605.877,       6.096,
Temperature,    42.500,    72.547,   604.877,       6.089,
Temperature,    42.500,    73.547,   603.877,       6.083,
Temperature,    42.500,    74.547,   602.877,       6.077,
Temperature,    42.500,    75.547,   601.877,       6.072,
Temperature,    42.500,    76.547,   600.877,       6.068,
Temperature,    42.500,    77.547,   599.877,       6.067,
Temperature,    42.500,    78.547,   598.877,       6.067,
Temperature,    42.500,    79.547,   597.877,       6.067,
Temperature,    42.500,    80.547,   596.877,       6.067,
Temperature,    42.500,    81.547,   595.877,       6.067,
Temperature,    42.500,    82.547,   594.877,       6.067,
Temperature,    42.500,    83.547,   593.877,       6.067,
Temperature,    42.500,    84.547,   592.877,       6.067,
Temperature,    42.500,    85.547,   591.877,       6.067,
Temperature,    42.500,    86.547,   590.877,       6.067,
Temperature,    83.500,     0.568,   693.945,       7.349,
Temperature,    83.500,     1.637,   692.877,       7.044,
Temperature,    83.500,     2.637,   691.877,       6.895,
Temperature,    83.500,     3.637,   690.877,       6.843,
Temperature,    83.500,     4.637,   689.877,       6.819,
Temperature,    83.500,     5.637,   688.877,       6.801,
Temperature,    83.500,     6.637,   687.877,       6.788,
Temperature,    83.500,     7.637,   686.877,       6.776,
Temperature,    83.500,     8.637,   685.877,       6.765,
Temperature,    83.500,     9.637,   684.877,       6.758,
Temperature,    83.500,    10.637,   683.877,       6.754,
Temperature,    83.500,    11.637,   682.877,       6.747,
Temperature,    83.500,    12.637,   681.877,       6.737,
Temperature,    83.500,    13.637,   680.877,       6.724,
Temperature,    83.500,    14.637,   679.877,       6.709,
Temperature,    83.500,    15.637,   678.877,       6.692,
Temperature,    83.500,    16.637,   677.877,       6.675,
Temperature,    83.500,    17.637,   676.877,       6.657,
Temperature,    83.500,    18.637,   675.877,       6.639,
Temperature,    83.500,    19.637,   674.877,       6.621,
Temperature,    83.500,    20.637,   673.877,       6.602,
Temperature,    83.500,    21.637,   672.877,       6.584,
Temperature,    83.500,    22.637,   671.877,       6.566,
Temperature,    83.500,    23.637,   670.877,       6.548,
Temperature,    83.500,    24.637,   669.877,       6.531,
Temperature,    83.500,    25.637,   668.877,       6.515,
Temperature,    83.500,    26.637,   667.877,       6.499,
Temperature,    83.500,    27.637,   666.877,       6.485,
Temperature,    83.500,    28.637,   665.877,       6.472,
Temperature,    83.500,    29.637,   664.877,       6.460,
Temperature,    83.500,    30.637,   663.877,       6.448,
Temperature,    83.500,    31.637,   662.877,       6.435,
Temperature,    83.500,    32.637,   661.877,       6.423,
Temperature,    83.500,    33.637,   660.877,       6.411,
Temperature,    83.500,    34.637,   659.877,       6.399,
Temperature,    83.500,    35.637,   658.877,       6.388,
Temperature,    83.500,    36.637,   657.877,       6.378,
Temperature,    83.500,    37.637,   656.877,       6.367,
Temperature,    83.500,    38.637,   655.877,       6.356,
Temperature,    83.500,    39.637,   654.877,       6.345,
Temperature,    83.500,    40.637,   653.877,       6.333,
Temperature,    83.500,    41.637,   652.877,       6.320,
Temperature,    83.500,    42.637,   651.877,       6.306,
Temperature,    83.500,    43.637,   650.877,       6.290,
Temperature,    83.500,    44.637,   649.877,       6.273,
Temperature,    83.500,    45.637,   648.877,       6.255,
Temperature,    83.500,    46.637,   647.877,       6.237,
Temperature,    83.500,    47.637,   646.877,       6.220,
Temperature,    83.500,    48.637,   645.877,       6.203,
Temperature,    83.500,    49.637,   644.877,       6.188,
Temperature,    83.500,    50.637,   643.877,       6.174,
Temperature,    83.500,    51.637,   642.877,       6.161,
Temperature,    83.500,    52.637,   641.877,       6.150,
Temperature,    83.500,    53.637,   640.877,       6.140,
Temperature,    83.500,    54.637,   639.877,       6.130,
Temperature,    83.500,    55.637,   638.877,       6.121,
Temperature,    83.500,    56.637,   637.877,       6.112,
Temperature,    83.500,    57.637,   636.877,       6.103,
Temperature,    83.500,    58.637,   635.877,       6.093,
Temperature,    83.500,    59.637,   634.877,       6.084,
Temperature,    83.500,    60.637,   633.877,       6.074,
Temperature,    83.500,    61.637,   632.877,       6.067,
Temperature,    83.500,    62.637,   631.877,       6.060,
Temperature,    83.500,    63.637,   630.877,       6.054,
Temperature,    83.500,    64.637,   629.877,       6.049,
Temperature,    83.500,    65.637,   628.877,       6.044,
Temperature,    83.500,    66.637,   627.877,       6.039,
Temperature,    83.500,    67.637,   626.877,       6.035,
Temperature,    83.500,    68.637,   625.877,       6.030,
Temperature,    83.500,    69.637,   624.877,       6.026,
Temperature,    83.500,    70.637,   623.877,       6.021,
Temperature,    83.500,    71.637,   622.877,       6.017,
Temperature,    83.500,    72.637,   621.877,       6.014,
Temperature,    83.500,    73.637,   620.877,       6.010,
Temperature,    83.500,    74.637,   619.877,       6.007,
Temperature,    83.500,    75.637,   618.877,       6.003,
Temperature,    83.500,    76.637,   617.877,       6.000,
Temperature,    83.500,    77.637,   616.877,       5.996,
Temperature,    83.500,    78.637,   615.877,       5.993,
Temperature,    83.500,    79.637,   614.877,       5.990,
Temperature,    83.500,    80.637,   613.877,       5.986,
Temperature,    83.500,    81.637,   612.877,       5.983,
Temperature,    83.500,    82.637,   611.877,       5.980,
Temperature,    83.500,    83.637,   610.877,       5.976,
Temperature,    83.500,    84.637,   609.877,       5.973,
Temperature,    83.500,    85.637,   608.877,       5.970,
Temperature,    83.500,    86.637,   607.877,       5.966,
Temperature,    83.500,    87.637,   606.877,       5.963,
Temperature,    83.500,    88.637,   605.877,       5.960,
Temperature,    83.500,    89.637,   604.877,       5.957,
Temperature,    83.500,    90.637,   603.877,       5.954,
Temperature,    83.500,    91.637,   602.877,       5.952,
Temperature,    83.500,    92.637,   601.877,       5.951,
Temperature,    83.500,    93.637,   600.877,       5.951,
Temperature,    83.500,    94.637,   599.877,       5.951,
Temperature,    83.500,    95.637,   598.877,       5.951,
Temperature,    83.500,    96.637,   597.877,       5.951,
Temperature,    83.500,    97.637,   596.877,       5.951,
Temperature,    83.500,    98.637,   595.877,       5.951,
Temperature,    83.500,    99.637,   594.877,       5.951,
Temperature,    83.500,   100.637,   593.877,       5.951,
Temperature,    83.500,   101.637,   592.877,       5.951,
Temperature,    83.500,   102.637,   591.877,       5.914,
Temperature,    83.500,   103.637,   590.877,       5.914,
Temperature,   103.500,     0.429,   698.806,      11.902,
Temperature,   103.500,     1.358,   697.877,      11.693,
Temperature,   103.500,     2.358,   696.877,      11.132,
Temperature,   103.500,     3.358,   695.877,      10.372,
Temperature,   103.500,     4.358,   694.877,      10.098,
Temperature,   103.500,     5.358,   693.877,      10.022,
Temperature,   103.500,     6.358,   692.877,       9.749,
Temperature,   103.500,     7.358,   691.877,       9.596,
Temperature,   103.500,     8.358,   690.877,       9.396,
Temperature,   103.500,     9.358,   689.877,       9.180,
Temperature,   103.500,    10.358,   688.877,       8.990,
Temperature,   103.500,    11.358,   687.877,       8.825,
Temperature,   103.500,    12.358,   686.877,       8.668,
Temperature,   103.500,    13.358,   685.877,       8.526,
Temperature,   103.500,    14.358,   684.877,       8.399,
Temperature,   103.500,    15.358,   683.877,       8.272,
Temperature,   103.500,    16.358,   682.877,       8.128,
Temperature,   103.500,    17.358,   681.877,       7.994,
Temperature,   103.500,    18.358,   680.877,       7.857,
Temperature,   103.500,    19.358,   679.877,       7.718,
Temperature,   103.500,    20.358,   678.877,       7.584,
Temperature,   103.500,    21.358,   677.877,       7.464,
Temperature,   103.500,    22.358,   676.877,       7.361,
Temperature,   103.500,    23.358,   675.877,       7.273,
Temperature,   103.500,    24.358,   674.877,       7.195,
Temperature,   103.500,    25.358,   673.877,       7.123,
Temperature,   103.500,    26.358,   672.877,       7.056,
Temperature,   103.500,    27.358,   671.877,       6.995,
Temperature,   103.500,    28.358,   670.877,       6.939,
Temperature,   103.500,    29.358,   669.877,       6.889,
Temperature,   103.500,    30.358,   668.877,       6.844,
Temperature,   103.500,    31.358,   667.877,       6.803,
Temperature,   103.500,    32.358,   666.877,       6.765,
Temperature,   103.500,    33.358,   665.877,       6.729,
Temperature,   103.500,    34.358,   664.877,       6.695,
Temperature,   103.500,    35.358,   663.877,       6.664,
Temperature,   103.500,    36.358,   662.877,       6.634,
Temperature,   103.500,    37.358,   661.877,       6.607,
Temperature,   103.500,    38.358,   660.877,       6.583,
Temperature,   103.500,    39.358,   659.877,       6.560,
Temperature,   103.500,    40.358,   658.877,       6.540,
Temperature,   103.500,    41.358,   657.877,       6.521,
Temperature,   103.500,    42.358,   656.877,       6.503,
Temperature,   103.500,    43.358,   655.877,       6.487,
Temperature,   103.500,    44.358,   654.877,       6.471,
Temperature,   103.500,    45.358,   653.877,       6.455,
Temperature,   103.500,    46.358,   652.877,       6.438,
Temperature,   103.500,    47.358,   651.877,       6.421,
Temperature,   103.500,    48.358,   650.877,       6.402,
Temperature,   103.500,    49.358,   649.877,       6.383,
Temperature,   103.500,    50.358,   648.877,       6.363,
Temperature,   103.500,    51.358,   647.877,       6.344,
Temperature,   103.500,    52.358,   646.877,       6.326,
Temperature,   103.500,    53.358,   645.877,       6.309,
Temperature,   103.500,    54.358,   644.877,       6.293,
Temperature,   103.500,    55.358,   643.877,       6.277,
Temperature,   103.500,    56.358,   642.877,       6.263,
Temperature,   103.500,    57.358,   641.877,       6.252,
Temperature,   103.500,    58.358,   640.877,       6.242,
Temperature,   103.500,    59.358,   639.877,       6.234,
Temperature,   103.500,    60.358,   638.877,       6.228,
Temperature,   103.500,    61.358,   637.877,       6.222,
Temperature,   103.500,    62.358,   636.877,       6.218,
Temperature,   103.500,    63.358,   635.877,       6.214,
Temperature,   103.500,    64.358,   634.877,       6.211,
Temperature,   103.500,    65.358,   633.877,       6.208,
Temperature,   103.500,    66.358,   632.877,       6.206,
Temperature,   103.500,    67.358,   631.877,       6.204,
Temperature,   103.500,    68.358,   630.877,       6.202,
Temperature,   103.500,    69.358,   629.877,       6.200,
Temperature,   103.500,    70.358,   628.877,       6.198,
Temperature,   103.500,    71.358,   627.877,       6.197,
Temperature,   103.500,    72.358,   626.877,       6.194,
Temperature,   103.500,    73.358,   625.877,       6.192,
Temperature,   103.500,    74.358,   624.877,       6.190,
Temperature,   103.500,    75.358,   623.877,       6.187,
Temperature,   103.500,    76.358,   622.877,       6.185,
Temperature,   103.500,    77.358,   621.877,       6.183,
Temperature,   103.500,    78.358,   620.877,       6.181,
Temperature,   103.500,    79.358,   619.877,       6.179,
Temperature,   103.500,    80.358,   618.877,       6.177,
Temperature,   103.500,    81.358,   617.877,       6.175,
Temperature,   103.500,    82.358,   616.877,       6.172,
Temperature,   103.500,    83.358,   615.877,       6.170,
Temperature,   103.500,    84.358,   614.877,       6.168,
Temperature,   103.500,    85.358,   613.877,       6.166,
Temperature,   103.500,    86.358,   612.877,       6.163,
Temperature,   103.500,    87.358,   611.877,       6.159,
Temperature,   103.500,    88.358,   610.877,       6.154,
Temperature,   103.500,    89.358,   609.877,       6.150,
Temperature,   103.500,    90.358,   608.877,       6.146,
Temperature,   103.500,    91.358,   607.877,       6.142,
Temperature,   103.500,    92.358,   606.877,       6.137,
Temperature,   103.500,    93.358,   605.877,       6.132,
Temperature,   103.500,    94.358,   604.877,       6.125,
Temperature,   103.500,    95.358,   603.877,       6.116,
Temperature,   103.500,    96.358,   602.877,       6.106,
Temperature,   103.500,    97.358,   601.877,       6.093,
Temperature,   103.500,    98.358,   600.877,       6.080,
Temperature,   103.500,    99.358,   599.877,       6.066,
Temperature,   103.500,   100.358,   598.877,       6.053,
Temperature,   103.500,   101.358,   597.877,       6.041,
Temperature,   103.500,   102.358,   596.877,       6.033,
Temperature,   103.500,   103.358,   595.877,       6.032,
Temperature,   103.500,   104.358,   594.877,       6.032,
Temperature,   103.500,   105.358,   593.877,       6.032,
Temperature,   103.500,   106.358,   592.877,       6.032,
Temperature,   103.500,   107.358,   591.877,       6.032,
Temperature,   103.500,   108.358,   590.877,       6.032,
Temperature,   125.500,     0.777,   701.154,      13.811,
Temperature,   125.500,     2.055,   699.877,      13.733,
Temperature,   125.500,     3.055,   698.877,      13.682,
Temperature,   125.500,     4.055,   697.877,      13.654,
Temperature,   125.500,     5.055,   696.877,      13.640,
Temperature,   125.500,     6.055,   695.877,      13.631,
Temperature,   125.500,     7.055,   694.877,      13.624,
Temperature,   125.500,     8.055,   693.877,      13.620,
Temperature,   125.500,     9.055,   692.877,      13.617,
Temperature,   125.500,    10.055,   691.877,      13.615,
Temperature,   125.500,    11.055,   690.877,      13.615,
Temperature,   125.500,    12.055,   689.877,      13.615,
Temperature,   125.500,    13.055,   688.877,      13.612,
Temperature,   125.500,    14.055,   687.877,      13.222,
Temperature,   125.500,    15.055,   686.877,      11.739,
Temperature,   125.500,    16.055,   685.877,      10.487,
Temperature,   125.500,    17.055,   684.877,       9.782,
Temperature,   125.500,    18.055,   683.877,       9.316,
Temperature,   125.500,    19.055,   682.877,       8.940,
Temperature,   125.500,    20.055,   681.877,       8.667,
Temperature,   125.500,    21.055,   680.877,       8.440,
Temperature,   125.500,    22.055,   679.877,       8.242,
Temperature,   125.500,    23.055,   678.877,       8.065,
Temperature,   125.500,    24.055,   677.877,       7.907,
Temperature,   125.500,    25.055,   676.877,       7.765,
Temperature,   125.500,    26.055,   675.877,       7.639,
Temperature,   125.500,    27.055,   674.877,       7.528,
Temperature,   125.500,    28.055,   673.877,       7.431,
Temperature,   125.500,    29.055,   672.877,       7.348,
Temperature,   125.500,    30.055,   671.877,       7.275,
Temperature,   125.500,    31.055,   670.877,       7.212,
Temperature,   125.500,    32.055,   669.877,       7.157,
Temperature,   125.500,    33.055,   668.877,       7.108,
Temperature,   125.500,    34.055,   667.877,       7.064,
Temperature,   125.500,    35.055,   666.877,       7.022,
Temperature,   125.500,    36.055,   665.877,       6.983,
Temperature,   125.500,    37.055,   664.877,       6.946,
Temperature,   125.500,    38.055,   663.877,       6.911,
Temperature,   125.500,    39.055,   662.877,       6.877,
Temperature,   125.500,    40.055,   661.877,       6.843,
Temperature,   125.500,    41.055,   660.877,       6.810,
Temperature,   125.500,    42.055,   659.877,       6.775,
Temperature,   125.500,    43.055,   658.877,       6.740,
Temperature,   125.500,    44.055,   657.877,       6.704,
Temperature,   125.500,    45.055,   656.877,       6.667,
Temperature,   125.500,    46.055,   655.877,       6.632,
Temperature,   125.500,    47.055,   654.877,       6.599,
Temperature,   125.500,    48.055,   653.877,       6.569,
Temperature,   125.500,    49.055,   652.877,       6.543,
Temperature,   125.500,    50.055,   651.877,       6.520,
Temperature,   125.500,    51.055,   650.877,       6.502,
Temperature,   125.500,    52.055,   649.877,       6.486,
Temperature,   125.500,    53.055,   648.877,       6.473,
Temperature,   125.500,    54.055,   647.877,       6.463,
Temperature,   125.500,    55.055,   646.877,       6.453,
Temperature,   125.500,    56.055,   645.877,       6.445,
Temperature,   125.500,    57.055,   644.877,       6.437,
Temperature,   125.500,    58.055,   643.877,       6.430,
Temperature,   125.500,    59.055,   642.877,       6.423,
Temperature,   125.500,    60.055,   641.877,       6.416,
Temperature,   125.500,    61.055,   640.877,       6.410,
Temperature,   125.500,    62.055,   639.877,       6.404,
Temperature,   125.500,    63.055,   638.877,       6.398,
Temperature,   125.500,    64.055,   637.877,       6.393,
Temperature,   125.500,    65.055,   636.877,       6.388,
Temperature,   125.500,    66.055,   635.877,       6.383,
Temperature,   125.500,    67.055,   634.877,       6.378,
Temperature,   125.500,    68.055,   633.877,       6.373,
Temperature,   125.500,    69.055,   632.877,       6.368,
Temperature,   125.500,    70.055,   631.877,       6.364,
Temperature,   125.500,    71.055,   630.877,       6.360,
Temperature,   125.500,    72.055,   629.877,       6.356,
Temperature,   125.500,    73.055,   628.877,       6.352,
Temperature,   125.500,    74.055,   627.877,       6.347,
Temperature,   125.500,    75.055,   626.877,       6.343,
Temperature,   125.500,    76.055,   625.877,       6.338,
Temperature,   125.500,    77.055,   624.877,       6.333,
Temperature,   125.500,    78.055,   623.877,       6.328,
Temperature,   125.500,    79.055,   622.877,       6.323,
Temperature,   125.500,    80.055,   621.877,       6.317,
Temperature,   125.500,    81.055,   620.877,       6.311,
Temperature,   125.500,    82.055,   619.877,       6.305,
Temperature,   125.500,    83.055,   618.877,       6.298,
Temperature,   125.500,    84.055,   617.877,       6.292,
Temperature,   125.500,    85.055,   616.877,       6.285,
Temperature,   125.500,    86.055,   615.877,       6.277,
Temperature,   125.500,    87.055,   614.877,       6.270,
Temperature,   125.500,    88.055,   613.877,       6.262,
Temperature,   125.500,    89.055,   612.877,       6.254,
Temperature,   125.500,    90.055,   611.877,       6.247,
Temperature,   125.500,    91.055,   610.877,       6.239,
Temperature,   125.500,    92.055,   609.877,       6.231,
Temperature,   125.500,    93.055,   608.877,       6.223,
Temperature,   125.500,    94.055,   607.877,       6.215,
Temperature,   125.500,    95.055,   606.877,       6.206,
Temperature,   125.500,    96.055,   605.877,       6.198,
Temperature,   125.500,    97.055,   604.877,       6.189,
Temperature,   125.500,    98.055,   603.877,       6.180,
Temperature,   125.500,    99.055,   602.877,       6.171,
Temperature,   125.500,   100.055,   601.877,       6.161,
Temperature,   125.500,   101.055,   600.877,       6.149,
Temperature,   125.500,   102.055,   599.877,       6.137,
Temperature,   125.500,   103.055,   598.877,       6.128,
Temperature,   125.500,   104.055,   597.877,       6.123,
Temperature,   125.500,   105.055,   596.877,       6.121,
Temperature,   125.500,   106.055,   595.877,       6.121,
Temperature,   125.500,   107.055,   594.877,       6.121,
Temperature,   125.500,   108.055,   593.877,       6.121,
Temperature,   125.500,   109.055,   592.877,       6.121,
Temperature,   125.500,   110.055,   591.877,       6.121,
Temperature,   125.500,   111.055,   590.877,       6.121,
Temperature,   154.500,     0.683,   698.060,      19.468,
Temperature,   154.500,     1.865,   696.877,      19.107,
Temperature,   154.500,     2.865,   695.877,      18.903,
Temperature,   154.500,     3.865,   694.877,      18.548,
Temperature,   154.500,     4.865,   693.877,      17.781,
Temperature,   154.500,     5.865,   692.877,      16.875,
Temperature,   154.500,     6.865,   691.877,      16.118,
Temperature,   154.500,     7.865,   690.877,      15.542,
Temperature,   154.500,     8.865,   689.877,      15.077,
Temperature,   154.500,     9.865,   688.877,      14.664,
Temperature,   154.500,    10.865,   687.877,      14.278,
Temperature,   154.500,    11.865,   686.877,      13.907,
Temperature,   154.500,    12.865,   685.877,      13.537,
Temperature,   154.500,    13.865,   684.877,      13.158,
Temperature,   154.500,    14.865,   683.877,      12.773,
Temperature,   154.500,    15.865,   682.877,      12.382,
Temperature,   154.500,    16.865,   681.877,      12.039,
Temperature,   154.500,    17.865,   680.877,      11.716,
Temperature,   154.500,    18.865,   679.877,      11.414,
Temperature,   154.500,    19.865,   678.877,      11.122,
Temperature,   154.500,    20.865,   677.877,      10.831,
Temperature,   154.500,    21.865,   676.877,      10.540,
Temperature,   154.500,    22.865,   675.877,      10.262,
Temperature,   154.500,    23.865,   674.877,      10.003,
Temperature,   154.500,    24.865,   673.877,       9.770,
Temperature,   154.500,    25.865,   672.877,       9.559,
Temperature,   154.500,    26.865,   671.877,       9.367,
Temperature,   154.500,    27.865,   670.877,       9.190,
Temperature,   154.500,    28.865,   669.877,       9.027,
Temperature,   154.500,    29.865,   668.877,       8.875,
Temperature,   154.500,    30.865,   667.877,       8.733,
Temperature,   154.500,    31.865,   666.877,       8.599,
Temperature,   154.500,    32.865,   665.877,       8.469,
Temperature,   154.500,    33.865,   664.877,       8.344,
Temperature,   154.500,    34.865,   663.877,       8.223,
Temperature,   154.500,    35.865,   662.877,       8.103,
Temperature,   154.500,    36.865,   661.877,       7.986,
Temperature,   154.500,    37.865,   660.877,       7.870,
Temperature,   154.500,    38.865,   659.877,       7.757,
Temperature,   154.500,    39.865,   658.877,       7.646,
Temperature,   154.500,    40.865,   657.877,       7.539,
Temperature,   154.500,    41.865,   656.877,       7.437,
Temperature,   154.500,    42.865,   655.877,       7.341,
Temperature,   154.500,    43.865,   654.877,       7.253,
Temperature,   154.500,    44.865,   653.877,       7.172,
Temperature,   154.500,    45.865,   652.877,       7.098,
Temperature,   154.500,    46.865,   651.877,       7.030,
Temperature,   154.500,    47.865,   650.877,       6.967,
Temperature,   154.500,    48.865,   649.877,       6.909,
Temperature,   154.500,    49.865,   648.877,       6.855,
Temperature,   154.500,    50.865,   647.877,       6.805,
Temperature,   154.500,    51.865,   646.877,       6.759,
Temperature,   154.500,    52.865,   645.877,       6.716,
Temperature,   154.500,    53.865,   644.877,       6.675,
Temperature,   154.500,    54.865,   643.877,       6.638,
Temperature,   154.500,    55.865,   642.877,       6.603,
Temperature,   154.500,    56.865,   641.877,       6.571,
Temperature,   154.500,    57.865,   640.877,       6.542,
Temperature,   154.500,    58.865,   639.877,       6.516,
Temperature,   154.500,    59.865,   638.877,       6.493,
Temperature,   154.500,    60.865,   637.877,       6.472,
Temperature,   154.500,    61.865,   636.877,       6.453,
Temperature,   154.500,    62.865,   635.877,       6.436,
Temperature,   154.500,    63.865,   634.877,       6.420,
Temperature,   154.500,    64.865,   633.877,       6.404,
Temperature,   154.500,    65.865,   632.877,       6.391,
Temperature,   154.500,    66.865,   631.877,       6.381,
Temperature,   154.500,    67.865,   630.877,       6.372,
Temperature,   154.500,    68.865,   629.877,       6.363,
Temperature,   154.500,    69.865,   628.877,       6.354,
Temperature,   154.500,    70.865,   627.877,       6.345,
Temperature,   154.500,    71.865,   626.877,       6.337,
Temperature,   154.500,    72.865,   625.877,       6.329,
Temperature,   154.500,    73.865,   624.877,       6.322,
Temperature,   154.500,    74.865,   623.877,       6.315,
Temperature,   154.500,    75.865,   622.877,       6.309,
Temperature,   154.500,    76.865,   621.877,       6.303,
Temperature,   154.500,    77.865,   620.877,       6.297,
Temperature,   154.500,    78.865,   619.877,       6.292,
Temperature,   154.500,    79.865,   618.877,       6.287,
Temperature,   154.500,    80.865,   617.877,       6.282,
Temperature,   154.500,    81.865,   616.877,       6.278,
Temperature,   154.500,    82.865,   615.877,       6.274,
Temperature,   154.500,    83.865,   614.877,       6.270,
Temperature,   154.500,    84.865,   613.877,       6.266,
Temperature,   154.500,    85.865,   612.877,       6.263,
Temperature,   154.500,    86.865,   611.877,       6.259,
Temperature,   154.500,    87.865,   610.877,       6.256,
Temperature,   154.500,    88.865,   609.877,       6.253,
Temperature,   154.500,    89.865,   608.877,       6.250,
Temperature,   154.500,    90.865,   607.877,       6.247,
Temperature,   154.500,    91.865,   606.877,       6.243,
Temperature,   154.500,    92.865,   605.877,       6.240,
Temperature,   154.500,    93.865,   604.877,       6.237,
Temperature,   154.500,    94.865,   603.877,       6.233,
Temperature,   154.500,    95.865,   602.877,       6.230,
Temperature,   154.500,    96.865,   601.877,       6.226,
Temperature,   154.500,    97.865,   600.877,       6.221,
Temperature,   154.500,    98.865,   599.877,       6.219,
Temperature,   154.500,    99.865,   598.877,       6.219,
Temperature,   154.500,   100.865,   597.877,       6.219,
Temperature,   154.500,   101.865,   596.877,       6.219,
Temperature,   154.500,   102.865,   595.877,       6.219,
Temperature,   154.500,   103.865,   594.877,       6.219,
Temperature,   154.500,   104.865,   593.877,       6.219,
Temperature,   154.500,   105.865,   592.877,       6.219,
Temperature,   154.500,   106.865,   591.877,       6.219,
Temperature,   154.500,   107.865,   590.877,       6.219,
Temperature,   201.500,     0.514,   692.891,      23.435,
Temperature,   201.500,     1.529,   691.877,      23.272,
Temperature,   201.500,     2.529,   690.877,      23.113,
Temperature,   201.500,     3.529,   689.877,      22.969,
Temperature,   201.500,     4.529,   688.877,      22.863,
Temperature,   201.500,     5.529,   687.877,      22.763,
Temperature,   201.500,     6.529,   686.877,      22.692,
Temperature,   201.500,     7.529,   685.877,      22.639,
Temperature,   201.500,     8.529,   684.877,      22.005,
Temperature,   201.500,     9.529,   683.877,      20.338,
Temperature,   201.500,    10.529,   682.877,      18.702,
Temperature,   201.500,    11.529,   681.877,      17.421,
Temperature,   201.500,    12.529,   680.877,      16.398,
Temperature,   201.500,    13.529,   679.877,      15.561,
Temperature,   201.500,    14.529,   678.877,      14.879,
Temperature,   201.500,    15.529,   677.877,      14.317,
Temperature,   201.500,    16.529,   676.877,      13.854,
Temperature,   201.500,    17.529,   675.877,      13.470,
Temperature,   201.500,    18.529,   674.877,      13.140,
Temperature,   201.500,    19.529,   673.877,      12.842,
Temperature,   201.500,    20.529,   672.877,      12.559,
Temperature,   201.500,    21.529,   671.877,      12.283,
Temperature,   201.500,    22.529,   670.877,      12.009,
Temperature,   201.500,    23.529,   669.877,      11.737,
Temperature,   201.500,    24.529,   668.877,      11.469,
Temperature,   201.500,    25.529,   667.877,      11.206,
Temperature,   201.500,    26.529,   666.877,      10.948,
Temperature,   201.500,    27.529,   665.877,      10.693,
Temperature,   201.500,    28.529,   664.877,      10.441,
Temperature,   201.500,    29.529,   663.877,      10.193,
Temperature,   201.500,    30.529,   662.877,       9.953,
Temperature,   201.500,    31.529,   661.877,       9.724,
Temperature,   201.500,    32.529,   660.877,       9.506,
Temperature,   201.500,    33.529,   659.877,       9.300,
Temperature,   201.500,    34.529,   658.877,       9.105,
Temperature,   201.500,    35.529,   657.877,       8.920,
Temperature,   201.500,    36.529,   656.877,       8.744,
Temperature,   201.500,    37.529,   655.877,       8.579,
Temperature,   201.500,    38.529,   654.877,       8.424,
Temperature,   201.500,    39.529,   653.877,       8.278,
Temperature,   201.500,    40.529,   652.877,       8.137,
Temperature,   201.500,    41.529,   651.877,       8.001,
Temperature,   201.500,    42.529,   650.877,       7.869,
Temperature,   201.500,    43.529,   649.877,       7.741,
Temperature,   201.500,    44.529,   648.877,       7.618,
Temperature,   201.500,    45.529,   647.877,       7.499,
Temperature,   201.500,    46.529,   646.877,       7.387,
Temperature,   201.500,    47.529,   645.877,       7.282,
Temperature,   201.500,    48.529,   644.877,       7.185,
Temperature,   201.500,    49.529,   643.877,       7.096,
Temperature,   201.500,    50.529,   642.877,       7.017,
Temperature,   201.500,    51.529,   641.877,       6.947,
Temperature,   201.500,    52.529,   640.877,       6.886,
Temperature,   201.500,    53.529,   639.877,       6.831,
Temperature,   201.500,    54.529,   638.877,       6.784,
Temperature,   201.500,    55.529,   637.877,       6.741,
Temperature,   201.500,    56.529,   636.877,       6.703,
Temperature,   201.500,    57.529,   635.877,       6.668,
Temperature,   201.500,    58.529,   634.877,       6.635,
Temperature,   201.500,    59.529,   633.877,       6.605,
Temperature,   201.500,    60.529,   632.877,       6.577,
Temperature,   201.500,    61.529,   631.877,       6.555,
Temperature,   201.500,    62.529,   630.877,       6.535,
Temperature,   201.500,    63.529,   629.877,       6.517,
Temperature,   201.500,    64.529,   628.877,       6.500,
Temperature,   201.500,    65.529,   627.877,       6.484,
Temperature,   201.500,    66.529,   626.877,       6.470,
Temperature,   201.500,    67.529,   625.877,       6.458,
Temperature,   201.500,    68.529,   624.877,       6.446,
Temperature,   201.500,    69.529,   623.877,       6.435,
Temperature,   201.500,    70.529,   622.877,       6.425,
Temperature,   201.500,    71.529,   621.877,       6.416,
Temperature,   201.500,    72.529,   620.877,       6.407,
Temperature,   201.500,    73.529,   619.877,       6.399,
Temperature,   201.500,    74.529,   618.877,       6.392,
Temperature,   201.500,    75.529,   617.877,       6.385,
Temperature,   201.500,    76.529,   616.877,       6.379,
Temperature,   201.500,    77.529,   615.877,       6.374,
Temperature,   201.500,    78.529,   614.877,       6.370,
Temperature,   201.500,    79.529,   613.877,       6.366,
Temperature,   201.500,    80.529,   612.877,       6.363,
Temperature,   201.500,    81.529,   611.877,       6.360,
Temperature,   201.500,    82.529,   610.877,       6.357,
Temperature,   201.500,    83.529,   609.877,       6.355,
Temperature,   201.500,    84.529,   608.877,       6.352,
Temperature,   201.500,    85.529,   607.877,       6.350,
Temperature,   201.500,    86.529,   606.877,       6.347,
Temperature,   201.500,    87.529,   605.877,       6.345,
Temperature,   201.500,    88.529,   604.877,       6.342,
Temperature,   201.500,    89.529,   603.877,       6.339,
Temperature,   201.500,    90.529,   602.877,       6.337,
Temperature,   201.500,    91.529,   601.877,       6.337,
Temperature,   201.500,    92.529,   600.877,       6.337,
Temperature,   201.500,    93.529,   599.877,       6.337,
Temperature,   201.500,    94.529,   598.877,       6.337,
Temperature,   201.500,    95.529,   597.877,       6.337,
Temperature,   201.500,    96.529,   596.877,       6.337,
Temperature,   201.500,    97.529,   595.877,       6.337,
Temperature,   201.500,    98.529,   594.877,       6.337,
Temperature,   201.500,    99.529,   593.877,       6.337,
Temperature,   201.500,   100.529,   592.877,       6.337,
Temperature,   201.500,   101.529,   591.877,       6.337,
Temperature,   201.500,   102.529,   590.877,       6.337,
Temperature,   217.500,     0.278,   691.655,      26.212,
Temperature,   217.500,     1.055,   690.877,      25.929,
Temperature,   217.500,     2.055,   689.877,      25.708,
Temperature,   217.500,     3.055,   688.877,      25.613,
Temperature,   217.500,     4.055,   687.877,      25.541,
Temperature,   217.500,     5.055,   686.877,      25.498,
Temperature,   217.500,     6.055,   685.877,      25.487,
Temperature,   217.500,     7.055,   684.877,      25.431,
Temperature,   217.500,     8.055,   683.877,      23.847,
Temperature,   217.500,     9.055,   682.877,      21.975,
Temperature,   217.500,    10.055,   681.877,      20.810,
Temperature,   217.500,    11.055,   680.877,      19.768,
Temperature,   217.500,    12.055,   679.877,      18.658,
Temperature,   217.500,    13.055,   678.877,      17.437,
Temperature,   217.500,    14.055,   677.877,      16.272,
Temperature,   217.500,    15.055,   676.877,      15.391,
Temperature,   217.500,    16.055,   675.877,      14.744,
Temperature,   217.500,    17.055,   674.877,      14.217,
Temperature,   217.500,    18.055,   673.877,      13.754,
Temperature,   217.500,    19.055,   672.877,      13.334,
Temperature,   217.500,    20.055,   671.877,      12.954,
Temperature,   217.500,    21.055,   670.877,      12.613,
Temperature,   217.500,    22.055,   669.877,      12.307,
Temperature,   217.500,    23.055,   668.877,      12.028,
Temperature,   217.500,    24.055,   667.877,      11.771,
Temperature,   217.500,    25.055,   666.877,      11.534,
Temperature,   217.500,    26.055,   665.877,      11.314,
Temperature,   217.500,    27.055,   664.877,      11.108,
Temperature,   217.500,    28.055,   663.877,      10.910,
Temperature,   217.500,    29.055,   662.877,      10.719,
Temperature,   217.500,    30.055,   661.877,      10.532,
Temperature,   217.500,    31.055,   660.877,      10.351,
Temperature,   217.500,    32.055,   659.877,      10.175,
Temperature,   217.500,    33.055,   658.877,      10.004,
Temperature,   217.500,    34.055,   657.877,       9.839,
Temperature,   217.500,    35.055,   656.877,       9.677,
Temperature,   217.500,    36.055,   655.877,       9.518,
Temperature,   217.500,    37.055,   654.877,       9.360,
Temperature,   217.500,    38.055,   653.877,       9.202,
Temperature,   217.500,    39.055,   652.877,       9.041,
Temperature,   217.500,    40.055,   651.877,       8.876,
Temperature,   217.500,    41.055,   650.877,       8.708,
Temperature,   217.500,    42.055,   649.877,       8.537,
Temperature,   217.500,    43.055,   648.877,       8.364,
Temperature,   217.500,    44.055,   647.877,       8.190,
Temperature,   217.500,    45.055,   646.877,       8.019,
Temperature,   217.500,    46.055,   645.877,       7.853,
Temperature,   217.500,    47.055,   644.877,       7.694,
Temperature,   217.500,    48.055,   643.877,       7.543,
Temperature,   217.500,    49.055,   642.877,       7.404,
Temperature,   217.500,    50.055,   641.877,       7.277,
Temperature,   217.500,    51.055,   640.877,       7.164,
Temperature,   217.500,    52.055,   639.877,       7.066,
Temperature,   217.500,    53.055,   638.877,       6.982,
Temperature,   217.500,    54.055,   637.877,       6.911,
Temperature,   217.500,    55.055,   636.877,       6.850,
Temperature,   217.500,    56.055,   635.877,       6.799,
Temperature,   217.500,    57.055,   634.877,       6.755,
Temperature,   217.500,    58.055,   633.877,       6.716,
Temperature,   217.500,    59.055,   632.877,       6.683,
Temperature,   217.500,    60.055,   631.877,       6.655,
Temperature,   217.500,    61.055,   630.877,       6.630,
Temperature,   217.500,    62.055,   629.877,       6.607,
Temperature,   217.500,    63.055,   628.877,       6.585,
Temperature,   217.500,    64.055,   627.877,       6.564,
Temperature,   217.500,    65.055,   626.877,       6.545,
Temperature,   217.500,    66.055,   625.877,       6.528,
Temperature,   217.500,    67.055,   624.877,       6.511,
Temperature,   217.500,    68.055,   623.877,       6.496,
Temperature,   217.500,    69.055,   622.877,       6.482,
Temperature,   217.500,    70.055,   621.877,       6.469,
Temperature,   217.500,    71.055,   620.877,       6.457,
Temperature,   217.500,    72.055,   619.877,       6.445,
Temperature,   217.500,    73.055,   618.877,       6.434,
Temperature,   217.500,    74.055,   617.877,       6.424,
Temperature,   217.500,    75.055,   616.877,       6.415,
Temperature,   217.500,    76.055,   615.877,       6.407,
Temperature,   217.500,    77.055,   614.877,       6.400,
Temperature,   217.500,    78.055,   613.877,       6.394,
Temperature,   217.500,    79.055,   612.877,       6.389,
Temperature,   217.500,    80.055,   611.877,       6.385,
Temperature,   217.500,    81.055,   610.877,       6.381,
Temperature,   217.500,    82.055,   609.877,       6.378,
Temperature,   217.500,    83.055,   608.877,       6.376,
Temperature,   217.500,    84.055,   607.877,       6.373,
Temperature,   217.500,    85.055,   606.877,       6.371,
Temperature,   217.500,    86.055,   605.877,       6.370,
Temperature,   217.500,    87.055,   604.877,       6.370,
Temperature,   217.500,    88.055,   603.877,       6.370,
Temperature,   217.500,    89.055,   602.877,       6.370,
Temperature,   217.500,    90.055,   601.877,       6.370,
Temperature,   217.500,    91.055,   600.877,       6.370,
Temperature,   217.500,    92.055,   599.877,       6.370,
Temperature,   217.500,    93.055,   598.877,       6.370,
Temperature,   217.500,    94.055,   597.877,       6.370,
Temperature,   217.500,    95.055,   596.877,       6.370,
Temperature,   217.500,    96.055,   595.877,       6.370,
Temperature,   217.500,    97.055,   594.877,       6.370,
Temperature,   217.500,    98.055,   593.877,       6.370,
Temperature,   217.500,    99.055,   592.877,       6.370,
Temperature,   217.500,   100.055,   591.877,       6.370,
Temperature,   217.500,   101.055,   590.877,       6.370,
Temperature,   252.500,     0.565,   687.942,      23.629,
Temperature,   252.500,     1.630,   686.877,      23.384,
Temperature,   252.500,     2.630,   685.877,      23.233,
Temperature,   252.500,     3.630,   684.877,      23.174,
Temperature,   252.500,     4.630,   683.877,      23.138,
Temperature,   252.500,     5.630,   682.877,      23.119,
Temperature,   252.500,     6.630,   681.877,      23.100,
Temperature,   252.500,     7.630,   680.877,      23.087,
Temperature,   252.500,     8.630,   679.877,      23.045,
Temperature,   252.500,     9.630,   678.877,      22.975,
Temperature,   252.500,    10.630,   677.877,      22.506,
Temperature,   252.500,    11.630,   676.877,      20.649,
Temperature,   252.500,    12.630,   675.877,      18.673,
Temperature,   252.500,    13.630,   674.877,      17.391,
Temperature,   252.500,    14.630,   673.877,      16.532,
Temperature,   252.500,    15.630,   672.877,      15.854,
Temperature,   252.500,    16.630,   671.877,      15.304,
Temperature,   252.500,    17.630,   670.877,      14.849,
Temperature,   252.500,    18.630,   669.877,      14.461,
Temperature,   252.500,    19.630,   668.877,      14.113,
Temperature,   252.500,    20.630,   667.877,      13.792,
Temperature,   252.500,    21.630,   666.877,      13.490,
Temperature,   252.500,    22.630,   665.877,      13.209,
Temperature,   252.500,    23.630,   664.877,      12.945,
Temperature,   252.500,    24.630,   663.877,      12.700,
Temperature,   252.500,    25.630,   662.877,      12.469,
Temperature,   252.500,    26.630,   661.877,      12.251,
Temperature,   252.500,    27.630,   660.877,      12.042,
Temperature,   252.500,    28.630,   659.877,      11.839,
Temperature,   252.500,    29.630,   658.877,      11.638,
Temperature,   252.500,    30.630,   657.877,      11.437,
Temperature,   252.500,    31.630,   656.877,      11.233,
Temperature,   252.500,    32.630,   655.877,      11.023,
Temperature,   252.500,    33.630,   654.877,      10.805,
Temperature,   252.500,    34.630,   653.877,      10.577,
Temperature,   252.500,    35.630,   652.877,      10.333,
Temperature,   252.500,    36.630,   651.877,      10.076,
Temperature,   252.500,    37.630,   650.877,       9.805,
Temperature,   252.500,    38.630,   649.877,       9.522,
Temperature,   252.500,    39.630,   648.877,       9.230,
Temperature,   252.500,    40.630,   647.877,       8.934,
Temperature,   252.500,    41.630,   646.877,       8.642,
Temperature,   252.500,    42.630,   645.877,       8.363,
Temperature,   252.500,    43.630,   644.877,       8.110,
Temperature,   252.500,    44.630,   643.877,       7.887,
Temperature,   252.500,    45.630,   642.877,       7.697,
Temperature,   252.500,    46.630,   641.877,       7.536,
Temperature,   252.500,    47.630,   640.877,       7.398,
Temperature,   252.500,    48.630,   639.877,       7.277,
Temperature,   252.500,    49.630,   638.877,       7.169,
Temperature,   252.500,    50.630,   637.877,       7.072,
Temperature,   252.500,    51.630,   636.877,       6.986,
Temperature,   252.500,    52.630,   635.877,       6.910,
Temperature,   252.500,    53.630,   634.877,       6.844,
Temperature,   252.500,    54.630,   633.877,       6.785,
Temperature,   252.500,    55.630,   632.877,       6.733,
Temperature,   252.500,    56.630,   631.877,       6.699,
Temperature,   252.500,    57.630,   630.877,       6.672,
Temperature,   252.500,    58.630,   629.877,       6.649,
Temperature,   252.500,    59.630,   628.877,       6.630,
Temperature,   252.500,    60.630,   627.877,       6.614,
Temperature,   252.500,    61.630,   626.877,       6.600,
Temperature,   252.500,    62.630,   625.877,       6.588,
Temperature,   252.500,    63.630,   624.877,       6.576,
Temperature,   252.500,    64.630,   623.877,       6.565,
Temperature,   252.500,    65.630,   622.877,       6.554,
Temperature,   252.500,    66.630,   621.877,       6.542,
Temperature,   252.500,    67.630,   620.877,       6.530,
Temperature,   252.500,    68.630,   619.877,       6.518,
Temperature,   252.500,    69.630,   618.877,       6.506,
Temperature,   252.500,    70.630,   617.877,       6.495,
Temperature,   252.500,    71.630,   616.877,       6.485,
Temperature,   252.500,    72.630,   615.877,       6.476,
Temperature,   252.500,    73.630,   614.877,       6.469,
Temperature,   252.500,    74.630,   613.877,       6.463,
Temperature,   252.500,    75.630,   612.877,       6.459,
Temperature,   252.500,    76.630,   611.877,       6.455,
Temperature,   252.500,    77.630,   610.877,       6.451,
Temperature,   252.500,    78.630,   609.877,       6.449,
Temperature,   252.500,    79.630,   608.877,       6.446,
Temperature,   252.500,    80.630,   607.877,       6.444,
Temperature,   252.500,    81.630,   606.877,       6.441,
Temperature,   252.500,    82.630,   605.877,       6.439,
Temperature,   252.500,    83.630,   604.877,       6.437,
Temperature,   252.500,    84.630,   603.877,       6.436,
Temperature,   252.500,    85.630,   602.877,       6.436,
Temperature,   252.500,    86.630,   601.877,       6.436,
Temperature,   252.500,    87.630,   600.877,       6.436,
Temperature,   252.500,    88.630,   599.877,       6.436,
Temperature,   252.500,    89.630,   598.877,       6.436,
Temperature,   252.500,    90.630,   597.877,       6.436,
Temperature,   252.500,    91.630,   596.877,       6.436,
Temperature,   252.500,    92.630,   595.877,       6.436,
Temperature,   252.500,    93.630,   594.877,       6.436,
Temperature,   252.500,    94.630,   593.877,       6.436,
Temperature,   252.500,    95.630,   592.877,       6.436,
Temperature,   252.500,    96.630,   591.877,       6.436,
Temperature,   252.500,    97.630,   590.877,       6.436,
Temperature,   280.500,     0.302,   685.679,      18.981,
Temperature,   280.500,     1.105,   684.877,      18.783,
Temperature,   280.500,     2.105,   683.877,      18.688,
Temperature,   280.500,     3.105,   682.877,      18.655,
Temperature,   280.500,     4.105,   681.877,      18.617,
Temperature,   280.500,     5.105,   680.877,      18.594,
Temperature,   280.500,     6.105,   679.877,      18.579,
Temperature,   280.500,     7.105,   678.877,      18.570,
Temperature,   280.500,     8.105,   677.877,      18.563,
Temperature,   280.500,     9.105,   676.877,      18.559,
Temperature,   280.500,    10.105,   675.877,      18.556,
Temperature,   280.500,    11.105,   674.877,      18.554,
Temperature,   280.500,    12.105,   673.877,      18.553,
Temperature,   280.500,    13.105,   672.877,      18.552,
Temperature,   280.500,    14.105,   671.877,      18.552,
Temperature,   280.500,    15.105,   670.877,      18.552,
Temperature,   280.500,    16.105,   669.877,      17.996,
Temperature,   280.500,    17.105,   668.877,      16.745,
Temperature,   280.500,    18.105,   667.877,      15.847,
Temperature,   280.500,    19.105,   666.877,      15.251,
Temperature,   280.500,    20.105,   665.877,      14.803,
Temperature,   280.500,    21.105,   664.877,      14.377,
Temperature,   280.500,    22.105,   663.877,      13.926,
Temperature,   280.500,    23.105,   662.877,      13.523,
Temperature,   280.500,    24.105,   661.877,      13.210,
Temperature,   280.500,    25.105,   660.877,      12.967,
Temperature,   280.500,    26.105,   659.877,      12.766,
Temperature,   280.500,    27.105,   658.877,      12.587,
Temperature,   280.500,    28.105,   657.877,      12.418,
Temperature,   280.500,    29.105,   656.877,      12.254,
Temperature,   280.500,    30.105,   655.877,      12.087,
Temperature,   280.500,    31.105,   654.877,      11.916,
Temperature,   280.500,    32.105,   653.877,      11.736,
Temperature,   280.500,    33.105,   652.877,      11.548,
Temperature,   280.500,    34.105,   651.877,      11.354,
Temperature,   280.500,    35.105,   650.877,      11.154,
Temperature,   280.500,    36.105,   649.877,      10.947,
Temperature,   280.500,    37.105,   648.877,      10.730,
Temperature,   280.500,    38.105,   647.877,      10.498,
Temperature,   280.500,    39.105,   646.877,      10.242,
Temperature,   280.500,    40.105,   645.877,       9.955,
Temperature,   280.500,    41.105,   644.877,       9.632,
Temperature,   280.500,    42.105,   643.877,       9.275,
Temperature,   280.500,    43.105,   642.877,       8.897,
Temperature,   280.500,    44.105,   641.877,       8.521,
Temperature,   280.500,    45.105,   640.877,       8.175,
Temperature,   280.500,    46.105,   639.877,       7.877,
Temperature,   280.500,    47.105,   638.877,       7.630,
Temperature,   280.500,    48.105,   637.877,       7.430,
Temperature,   280.500,    49.105,   636.877,       7.266,
Temperature,   280.500,    50.105,   635.877,       7.132,
Temperature,   280.500,    51.105,   634.877,       7.020,
Temperature,   280.500,    52.105,   633.877,       6.924,
Temperature,   280.500,    53.105,   632.877,       6.844,
Temperature,   280.500,    54.105,   631.877,       6.796,
Temperature,   280.500,    55.105,   630.877,       6.759,
Temperature,   280.500,    56.105,   629.877,       6.728,
Temperature,   280.500,    57.105,   628.877,       6.703,
Temperature,   280.500,    58.105,   627.877,       6.682,
Temperature,   280.500,    59.105,   626.877,       6.664,
Temperature,   280.500,    60.105,   625.877,       6.648,
Temperature,   280.500,    61.105,   624.877,       6.634,
Temperature,   280.500,    62.105,   623.877,       6.621,
Temperature,   280.500,    63.105,   622.877,       6.609,
Temperature,   280.500,    64.105,   621.877,       6.597,
Temperature,   280.500,    65.105,   620.877,       6.586,
Temperature,   280.500,    66.105,   619.877,       6.576,
Temperature,   280.500,    67.105,   618.877,       6.566,
Temperature,   280.500,    68.105,   617.877,       6.557,
Temperature,   280.500,    69.105,   616.877,       6.549,
Temperature,   280.500,    70.105,   615.877,       6.542,
Temperature,   280.500,    71.105,   614.877,       6.536,
Temperature,   280.500,    72.105,   613.877,       6.531,
Temperature,   280.500,    73.105,   612.877,       6.526,
Temperature,   280.500,    74.105,   611.877,       6.521,
Temperature,   280.500,    75.105,   610.877,       6.517,
Temperature,   280.500,    76.105,   609.877,       6.513,
Temperature,   280.500,    77.105,   608.877,       6.510,
Temperature,   280.500,    78.105,   607.877,       6.506,
Temperature,   280.500,    79.105,   606.877,       6.503,
Temperature,   280.500,    80.105,   605.877,       6.500,
Temperature,   280.500,    81.105,   604.877,       6.497,
Temperature,   280.500,    82.105,   603.877,       6.495,
Temperature,   280.500,    83.105,   602.877,       6.494,
Temperature,   280.500,    84.105,   601.877,       6.494,
Temperature,   280.500,    85.105,   600.877,       6.494,
Temperature,   280.500,    86.105,   599.877,       6.494,
Temperature,   280.500,    87.105,   598.877,       6.494,
Temperature,   280.500,    88.105,   597.877,       6.494,
Temperature,   280.500,    89.105,   596.877,       6.494,
Temperature,   280.500,    90.105,   595.877,       6.494,
Temperature,   280.500,    91.105,   594.877,       6.494,
Temperature,   280.500,    92.105,   593.877,       6.494,
Temperature,   280.500,    93.105,   592.877,       6.494,
Temperature,   280.500,    94.105,   591.877,       6.494,
Temperature,   280.500,    95.105,   590.877,       6.494,
Temperature,   313.500,     0.474,   688.851,      13.990,
Temperature,   313.500,     1.448,   687.877,      13.813,
Temperature,   313.500,     2.448,   686.877,      13.711,
Temperature,   313.500,     3.448,   685.877,      13.667,
Temperature,   313.500,     4.448,   684.877,      13.640,
Temperature,   313.500,     5.448,   683.877,      13.624,
Temperature,   313.500,     6.448,   682.877,      13.615,
Temperature,   313.500,     7.448,   681.877,      13.608,
Temperature,   313.500,     8.448,   680.877,      13.603,
Temperature,   313.500,     9.448,   679.877,      13.600,
Temperature,   313.500,    10.448,   678.877,      13.599,
Temperature,   313.500,    11.448,   677.877,      13.597,
Temperature,   313.500,    12.448,   676.877,      13.596,
Temperature,   313.500,    13.448,   675.877,      13.592,
Temperature,   313.500,    14.448,   674.877,      13.576,
Temperature,   313.500,    15.448,   673.877,      13.470,
Temperature,   313.500,    16.448,   672.877,      13.211,
Temperature,   313.500,    17.448,   671.877,      12.981,
Temperature,   313.500,    18.448,   670.877,      12.845,
Temperature,   313.500,    19.448,   669.877,      12.780,
Temperature,   313.500,    20.448,   668.877,      12.733,
Temperature,   313.500,    21.448,   667.877,      12.714,
Temperature,   313.500,    22.448,   666.877,      12.710,
Temperature,   313.500,    23.448,   665.877,      12.698,
Temperature,   313.500,    24.448,   664.877,      12.684,
Temperature,   313.500,    25.448,   663.877,      12.671,
Temperature,   313.500,    26.448,   662.877,      12.657,
Temperature,   313.500,    27.448,   661.877,      12.639,
Temperature,   313.500,    28.448,   660.877,      12.612,
Temperature,   313.500,    29.448,   659.877,      12.569,
Temperature,   313.500,    30.448,   658.877,      12.501,
Temperature,   313.500,    31.448,   657.877,      12.396,
Temperature,   313.500,    32.448,   656.877,      12.252,
Temperature,   313.500,    33.448,   655.877,      12.100,
Temperature,   313.500,    34.448,   654.877,      11.990,
Temperature,   313.500,    35.448,   653.877,      11.919,
Temperature,   313.500,    36.448,   652.877,      11.834,
Temperature,   313.500,    37.448,   651.877,      11.703,
Temperature,   313.500,    38.448,   650.877,      11.519,
Temperature,   313.500,    39.448,   649.877,      11.284,
Temperature,   313.500,    40.448,   648.877,      11.014,
Temperature,   313.500,    41.448,   647.877,      10.730,
Temperature,   313.500,    42.448,   646.877,      10.442,
Temperature,   313.500,    43.448,   645.877,      10.158,
Temperature,   313.500,    44.448,   644.877,       9.883,
Temperature,   313.500,    45.448,   643.877,       9.614,
Temperature,   313.500,    46.448,   642.877,       9.354,
Temperature,   313.500,    47.448,   641.877,       9.105,
Temperature,   313.500,    48.448,   640.877,       8.868,
Temperature,   313.500,    49.448,   639.877,       8.642,
Temperature,   313.500,    50.448,   638.877,       8.424,
Temperature,   313.500,    51.448,   637.877,       8.209,
Temperature,   313.500,    52.448,   636.877,       7.993,
Temperature,   313.500,    53.448,   635.877,       7.773,
Temperature,   313.500,    54.448,   634.877,       7.556,
Temperature,   313.500,    55.448,   633.877,       7.357,
Temperature,   313.500,    56.448,   632.877,       7.194,
Temperature,   313.500,    57.448,   631.877,       7.073,
Temperature,   313.500,    58.448,   630.877,       6.978,
Temperature,   313.500,    59.448,   629.877,       6.902,
Temperature,   313.500,    60.448,   628.877,       6.845,
Temperature,   313.500,    61.448,   627.877,       6.803,
Temperature,   313.500,    62.448,   626.877,       6.771,
Temperature,   313.500,    63.448,   625.877,       6.745,
Temperature,   313.500,    64.448,   624.877,       6.725,
Temperature,   313.500,    65.448,   623.877,       6.706,
Temperature,   313.500,    66.448,   622.877,       6.690,
Temperature,   313.500,    67.448,   621.877,       6.675,
Temperature,   313.500,    68.448,   620.877,       6.660,
Temperature,   313.500,    69.448,   619.877,       6.646,
Temperature,   313.500,    70.448,   618.877,       6.633,
Temperature,   313.500,    71.448,   617.877,       6.620,
Temperature,   313.500,    72.448,   616.877,       6.609,
Temperature,   313.500,    73.448,   615.877,       6.600,
Temperature,   313.500,    74.448,   614.877,       6.592,
Temperature,   313.500,    75.448,   613.877,       6.586,
Temperature,   313.500,    76.448,   612.877,       6.581,
Temperature,   313.500,    77.448,   611.877,       6.576,
Temperature,   313.500,    78.448,   610.877,       6.573,
Temperature,   313.500,    79.448,   609.877,       6.569,
Temperature,   313.500,    80.448,   608.877,       6.566,
Temperature,   313.500,    81.448,   607.877,       6.564,
Temperature,   313.500,    82.448,   606.877,       6.561,
Temperature,   313.500,    83.448,   605.877,       6.559,
Temperature,   313.500,    84.448,   604.877,       6.558,
Temperature,   313.500,    85.448,   603.877,       6.558,
Temperature,   313.500,    86.448,   602.877,       6.558,
Temperature,   313.500,    87.448,   601.877,       6.558,
Temperature,   313.500,    88.448,   600.877,       6.558,
Temperature,   313.500,    89.448,   599.877,       6.558,
Temperature,   313.500,    90.448,   598.877,       6.558,
Temperature,   313.500,    91.448,   597.877,       6.558,
Temperature,   313.500,    92.448,   596.877,       6.558,
Temperature,   313.500,    93.448,   595.877,       6.558,
Temperature,   313.500,    94.448,   594.877,       6.558,
Temperature,   313.500,    95.448,   593.877,       6.558,
Temperature,   313.500,    96.448,   592.877,       6.558,
Temperature,   313.500,    97.448,   591.877,       6.558,
Temperature,   313.500,    98.448,   590.877,       6.558,
Temperature,   348.500,     0.738,   691.115,       9.510,
Temperature,   348.500,     1.976,   689.877,       9.510,
Temperature,   348.500,     2.976,   688.877,       9.510,
Temperature,   348.500,     3.976,   687.877,       9.510,
Temperature,   348.500,     4.976,   686.877,       9.510,
Temperature,   348.500,     5.976,   685.877,       9.510,
Temperature,   348.500,     6.976,   684.877,       9.510,
Temperature,   348.500,     7.976,   683.877,       9.510,
Temperature,   348.500,     8.976,   682.877,       9.510,
Temperature,   348.500,     9.976,   681.877,       9.510,
Temperature,   348.500,    10.976,   680.877,       9.510,
Temperature,   348.500,    11.976,   679.877,       9.510,
Temperature,   348.500,    12.976,   678.877,       9.510,
Temperature,   348.500,    13.976,   677.877,       9.510,
Temperature,   348.500,    14.976,   676.877,       9.510,
Temperature,   348.500,    15.976,   675.877,       9.510,
Temperature,   348.500,    16.976,   674.877,       9.510,
Temperature,   348.500,    17.976,   673.877,       9.510,
Temperature,   348.500,    18.976,   672.877,       9.510,
Temperature,   348.500,    19.976,   671.877,       9.510,
Temperature,   348.500,    20.976,   670.877,       9.510,
Temperature,   348.500,    21.976,   669.877,       9.510,
Temperature,   348.500,    22.976,   668.877,       9.510,
Temperature,   348.500,    23.976,   667.877,       9.510,
Temperature,   348.500,    24.976,   666.877,       9.510,
Temperature,   348.500,    25.976,   665.877,       9.508,
Temperature,   348.500,    26.976,   664.877,       9.499,
Temperature,   348.500,    27.976,   663.877,       9.490,
Temperature,   348.500,    28.976,   662.877,       9.483,
Temperature,   348.500,    29.976,   661.877,       9.473,
Temperature,   348.500,    30.976,   660.877,       9.461,
Temperature,   348.500,    31.976,   659.877,       9.448,
Temperature,   348.500,    32.976,   658.877,       9.432,
Temperature,   348.500,    33.976,   657.877,       9.414,
Temperature,   348.500,    34.976,   656.877,       9.394,
Temperature,   348.500,    35.976,   655.877,       9.373,
Temperature,   348.500,    36.976,   654.877,       9.350,
Temperature,   348.500,    37.976,   653.877,       9.324,
Temperature,   348.500,    38.976,   652.877,       9.295,
Temperature,   348.500,    39.976,   651.877,       9.262,
Temperature,   348.500,    40.976,   650.877,       9.222,
Temperature,   348.500,    41.976,   649.877,       9.175,
Temperature,   348.500,    42.976,   648.877,       9.121,
Temperature,   348.500,    43.976,   647.877,       9.060,
Temperature,   348.500,    44.976,   646.877,       8.996,
Temperature,   348.500,    45.976,   645.877,       8.928,
Temperature,   348.500,    46.976,   644.877,       8.859,
Temperature,   348.500,    47.976,   643.877,       8.787,
Temperature,   348.500,    48.976,   642.877,       8.713,
Temperature,   348.500,    49.976,   641.877,       8.637,
Temperature,   348.500,    50.976,   640.877,       8.556,
Temperature,   348.500,    51.976,   639.877,       8.464,
Temperature,   348.500,    52.976,   638.877,       8.356,
Temperature,   348.500,    53.976,   637.877,       8.232,
Temperature,   348.500,    54.976,   636.877,       8.098,
Temperature,   348.500,    55.976,   635.877,       7.947,
Temperature,   348.500,    56.976,   634.877,       7.794,
Temperature,   348.500,    57.976,   633.877,       7.638,
Temperature,   348.500,    58.976,   632.877,       7.507,
Temperature,   348.500,    59.976,   631.877,       7.402,
Temperature,   348.500,    60.976,   630.877,       7.308,
Temperature,   348.500,    61.976,   629.877,       7.224,
Temperature,   348.500,    62.976,   628.877,       7.149,
Temperature,   348.500,    63.976,   627.877,       7.083,
Temperature,   348.500,    64.976,   626.877,       7.025,
Temperature,   348.500,    65.976,   625.877,       6.976,
Temperature,   348.500,    66.976,   624.877,       6.934,
Temperature,   348.500,    67.976,   623.877,       6.899,
Temperature,   348.500,    68.976,   622.877,       6.868,
Temperature,   348.500,    69.976,   621.877,       6.841,
Temperature,   348.500,    70.976,   620.877,       6.816,
Temperature,   348.500,    71.976,   619.877,       6.793,
Temperature,   348.500,    72.976,   618.877,       6.772,
Temperature,   348.500,    73.976,   617.877,       6.752,
Temperature,   348.500,    74.976,   616.877,       6.734,
Temperature,   348.500,    75.976,   615.877,       6.716,
Temperature,   348.500,    76.976,   614.877,       6.700,
Temperature,   348.500,    77.976,   613.877,       6.685,
Temperature,   348.500,    78.976,   612.877,       6.672,
Temperature,   348.500,    79.976,   611.877,       6.661,
Temperature,   348.500,    80.976,   610.877,       6.652,
Temperature,   348.500,    81.976,   609.877,       6.644,
Temperature,   348.500,    82.976,   608.877,       6.637,
Temperature,   348.500,    83.976,   607.877,       6.632,
Temperature,   348.500,    84.976,   606.877,       6.628,
Temperature,   348.500,    85.976,   605.877,       6.624,
Temperature,   348.500,    86.976,   604.877,       6.620,
Temperature,   348.500,    87.976,   603.877,       6.618,
Temperature,   348.500,    88.976,   602.877,       6.618,
Temperature,   348.500,    89.976,   601.877,       6.618,
Temperature,   348.500,    90.976,   600.877,       6.618,
Temperature,   348.500,    91.976,   599.877,       6.618,
Temperature,   348.500,    92.976,   598.877,       6.618,
Temperature,   348.500,    93.976,   597.877,       6.618,
Temperature,   348.500,    94.976,   596.877,       6.618,
Temperature,   348.500,    95.976,   595.877,       6.618,
Temperature,   348.500,    96.976,   594.877,       6.618,
Temperature,   348.500,    97.976,   593.877,       6.618,
Temperature,   348.500,    98.976,   592.877,       6.618,
Temperature,   348.500,    99.976,   591.877,       6.618,
Temperature,   348.500,   100.976,   590.877,       6.618,
